fallo,coord,concurrencia,repeticion,warmup_seconds,measure_seconds,fault_probability,delay_seconds,usuarios_objetivo,usuarios_spawneados,requests_total,requests_fail,tasa_error,checkout_total,checkout_fail,checkout_confirmadas,tasa_abortos_checkout,codigos_http_json,latencia_p50_ms,latencia_p95_ms,latencia_p99_ms,throughput_rps,locust_cpu_pct_media,locust_cpu_pct_max,locust_mem_mb_media,locust_mem_mb_max,locust_warning_detected,locust_warning_texto,inicio_epoch,duracion_segundos
none,2pc,50,1,60.0,90.0,0.0,5.0,50,50,147,73,0.496599,12,12,0,1.0,"{""0"": 38, ""200"": 74, ""503"": 35}",3400,62000,62000,1.6562634251316521,0.0,0.0,70.78,72.91,False,,1788520615.585,90.825
none,2pc,100,1,60.0,90.0,0.0,5.0,100,100,246,114,0.463415,14,14,0,1.0,"{""0"": 76, ""200"": 132, ""503"": 42}",3600,60000,62000,2.770648651288913,2.32,104.2,74.44,77.46,False,,1788520864.962,90.878
none,2pc,200,1,60.0,90.0,0.0,5.0,200,200,554,390,0.703971,0,0,0,,"{""0"": 390, ""200"": 164}",17000,18000,60000,7.107298503948074,0.02,0.8,82.69,88.03,False,,1788521180.726,90.85
none,2pc,400,1,60.0,90.0,0.0,5.0,400,400,1657,1657,1.0,0,0,0,,"{""0"": 1657}",17000,17000,17000,18.495843874503247,0.02,0.8,96.62,106.98,False,,1788521627.877,91.14
omission,2pc,50,1,60.0,90.0,0.1,5.0,50,50,104,23,0.221154,4,4,0,1.0,"{""0"": 24, ""200"": 81}",22000,60000,60000,1.1881452521160982,0.0,0.0,72.0,74.32,False,,1788521847.028,90.827
omission,2pc,100,1,60.0,90.0,0.1,5.0,100,100,201,79,0.393035,1,1,0,1.0,"{""0"": 78, ""200"": 122, ""500"": 1}",14000,60000,60000,2.5819605388042017,0.02,0.8,74.55,77.74,False,,1788522094.35,90.929
omission,2pc,200,1,60.0,90.0,0.1,5.0,200,200,454,268,0.590308,8,8,0,1.0,"{""0"": 271, ""200"": 186}",17000,18000,60000,5.125652226840877,2.17,97.7,81.85,85.71,False,,1788522417.285,90.895
omission,2pc,400,1,60.0,90.0,0.1,5.0,400,400,1631,1631,1.0,0,0,0,,"{""0"": 1660}",17000,17000,17000,18.40783329314914,0.0,0.0,97.44,108.37,False,,1788522860.303,91.039
timing,2pc,50,1,60.0,90.0,0.1,5.0,50,50,101,40,0.39604,1,1,0,1.0,"{""0"": 39, ""200"": 61, ""500"": 1}",13000,60000,60000,1.443673050596481,0.0,0.0,71.66,73.83,False,,1788523076.469,90.855
timing,2pc,100,1,60.0,90.0,0.1,5.0,100,100,247,134,0.54251,0,0,0,,"{""0"": 87, ""200"": 113, ""503"": 47}",4300,60000,60000,3.5153058643079964,0.0,0.0,74.04,77.02,False,,1788523330.092,90.907
timing,2pc,200,1,60.0,90.0,0.1,5.0,200,200,674,439,0.651335,19,19,0,1.0,"{""0"": 93, ""200"": 235, ""500"": 1, ""503"": 345}",8300,62000,62000,7.6061551871704,0.0,0.0,80.4,84.82,False,,1788523646.643,90.889
timing,2pc,400,1,60.0,90.0,0.1,5.0,400,400,1633,1633,1.0,0,0,0,,"{""0"": 1656}",17000,17000,17000,18.413859349144488,1.1,50.4,96.42,106.81,False,,1788524089.565,91.075
none,saga,50,1,60.0,90.0,0.0,5.0,50,50,104,29,0.278846,4,4,0,1.0,"{""0"": 30, ""200"": 75}",21000,60000,60000,1.175133284107908,0.0,0.0,72.03,74.04,False,,1788524325.883,90.842
none,saga,100,1,60.0,90.0,0.0,5.0,100,100,200,70,0.35,0,0,0,,"{""0"": 70, ""200"": 130}",26000,60000,60000,2.861491330384733,0.0,0.0,74.7,78.21,False,,1788524574.621,90.951
none,saga,200,1,60.0,90.0,0.0,5.0,200,200,562,362,0.644128,0,0,0,,"{""0"": 362, ""200"": 200}",17000,60000,60000,7.274838688428284,0.0,0.0,83.18,88.55,False,,1788524889.193,90.939
none,saga,400,1,60.0,90.0,0.0,5.0,400,400,1640,1640,1.0,0,0,0,,"{""0"": 1659}",17000,17000,17000,18.4755377164043,0.0,0.0,96.99,107.86,False,,1788525338.027,91.1
omission,saga,50,1,60.0,90.0,0.1,5.0,50,50,120,48,0.4,18,18,0,1.0,"{""0"": 46, ""200"": 73, ""409"": 1, ""500"": 2}",16000,60000,60000,1.353206639430114,0.0,0.0,71.54,73.51,False,,1788525555.609,90.759
omission,saga,100,1,60.0,90.0,0.1,5.0,100,100,359,259,0.721448,0,0,0,,"{""0"": 56, ""200"": 100, ""500"": 1, ""503"": 202}",3800,60000,60000,4.1686314079972355,0.0,0.0,74.8,77.51,False,,1788525805.196,90.867
omission,saga,200,1,60.0,90.0,0.1,5.0,200,200,567,368,0.64903,0,0,0,,"{""0"": 368, ""200"": 199}",17000,60000,60000,6.469670449320076,0.0,0.0,82.56,87.51,False,,1788526122.942,91.082
omission,saga,400,1,60.0,90.0,0.1,5.0,400,400,1633,1633,1.0,0,0,0,,"{""0"": 1657}",17000,17000,17000,18.415507843779952,0.0,0.0,96.57,107.28,False,,1788526567.342,91.015
timing,saga,50,1,60.0,90.0,0.1,5.0,50,50,124,66,0.532258,0,0,0,,"{""0"": 42, ""200"": 58, ""503"": 24}",3500,60000,60000,1.432142651948673,0.0,0.0,71.83,74.05,False,,1788526787.75,90.734
timing,saga,100,1,60.0,90.0,0.1,5.0,100,100,378,270,0.714286,1,1,0,1.0,"{""0"": 92, ""200"": 108, ""503"": 178}",3600,60000,60000,4.375156475032398,0.0,0.0,74.73,78.8,False,,1788527038.203,90.832
timing,saga,200,1,60.0,90.0,0.1,5.0,200,200,400,200,0.5,0,0,0,,"{""0"": 200, ""200"": 200}",17000,60000,60000,6.329664457741435,2.32,104.2,81.22,84.61,False,,1788527354.531,90.869
timing,saga,400,1,60.0,90.0,0.1,5.0,400,400,1632,1632,1.0,0,0,0,,"{""0"": 1659}",17000,17000,17000,18.42305000970526,0.0,0.0,95.22,108.37,False,,1788527798.477,91.064
none,2pc,50,2,60.0,90.0,0.0,5.0,50,50,100,35,0.35,0,0,0,,"{""0"": 35, ""200"": 65}",42000,60000,60000,1.5362089896814746,0.0,0.0,71.59,73.71,False,,1788528034.26,90.838
none,2pc,100,2,60.0,90.0,0.0,5.0,100,100,242,142,0.586777,0,0,0,,"{""0"": 91, ""200"": 100, ""503"": 54}",4100,60000,62000,2.7854810049709706,0.0,0.0,74.83,77.98,False,,1788528288.12,90.919
none,2pc,200,2,60.0,90.0,0.0,5.0,200,200,898,697,0.776169,0,0,0,,"{""0"": 44, ""200"": 202, ""503"": 653}",12000,28000,60000,10.099641456607118,0.0,0.0,80.21,84.07,False,,1788528604.011,90.999
none,2pc,400,2,60.0,90.0,0.0,5.0,400,400,813,406,0.499385,0,0,0,,"{""0"": 384, ""200"": 408, ""503"": 22}",17000,17000,45000,9.193418291963143,0.0,0.0,94.1,102.21,False,,1788529050.288,91.083
omission,2pc,50,2,60.0,90.0,0.1,5.0,50,50,139,72,0.517986,3,3,0,1.0,"{""0"": 33, ""200"": 67, ""500"": 4, ""503"": 35}",3600,60000,60000,1.8374485778544807,0.0,0.0,71.57,73.71,False,,1788529270.639,90.899
omission,2pc,100,2,60.0,90.0,0.1,5.0,100,100,397,297,0.748111,0,0,0,,"{""0"": 80, ""200"": 100, ""500"": 1, ""503"": 219}",2800,62000,62000,4.46514072077147,0.0,0.0,74.7,77.57,False,,1788529523.977,90.922
omission,2pc,200,2,60.0,90.0,0.1,5.0,200,200,873,659,0.754868,12,12,0,1.0,"{""0"": 39, ""200"": 214, ""503"": 625}",12000,34000,60000,9.824707773006955,0.02,0.8,80.27,83.82,False,,1788529840.056,90.895
omission,2pc,400,2,60.0,90.0,0.1,5.0,400,400,1238,858,0.693053,0,0,0,,"{""0"": 660, ""200"": 380, ""503"": 198}",17000,23000,26000,15.433294948156114,0.0,0.0,95.99,105.39,False,,1788530291.079,91.041
timing,2pc,50,2,60.0,90.0,0.1,5.0,50,50,133,67,0.503759,0,0,0,,"{""0"": 34, ""200"": 66, ""503"": 33}",3000,60000,60000,2.03360808516237,0.0,0.0,71.24,73.24,False,,1788530512.633,90.872
timing,2pc,100,2,60.0,90.0,0.1,5.0,100,100,462,362,0.78355,0,0,0,,"{""0"": 45, ""200"": 100, ""503"": 317}",4300,62000,62000,6.110987141221022,1.12,50.4,74.77,77.16,False,,1788530766.374,90.913
timing,2pc,200,2,60.0,90.0,0.1,5.0,200,200,1054,853,0.809298,0,0,0,,"{""0"": 31, ""200"": 202, ""503"": 839}",12000,21000,26000,11.851515298474762,0.0,0.0,78.83,84.0,False,,1788531081.045,90.972
timing,2pc,400,2,60.0,90.0,0.1,5.0,400,400,1426,1028,0.720898,0,0,0,,"{""0"": 605, ""200"": 398, ""500"": 1, ""503"": 433}",17000,27000,33000,16.0863983260508,0.0,0.0,96.12,105.88,False,,1788531528.794,91.073
none,saga,50,2,60.0,90.0,0.0,5.0,50,50,202,151,0.747525,0,0,0,,"{""0"": 49, ""200"": 51, ""503"": 102}",3300,60000,60000,2.5549974032040708,0.0,0.0,71.56,74.07,False,,1788531767.092,90.905
none,saga,100,2,60.0,90.0,0.0,5.0,100,100,418,310,0.741627,0,0,0,,"{""0"": 49, ""200"": 108, ""503"": 261}",3300,62000,62000,4.746086683352487,0.0,0.0,74.71,77.37,False,,1788532017.818,90.923
none,saga,200,2,60.0,90.0,0.0,5.0,200,200,814,591,0.726044,11,11,0,1.0,"{""0"": 23, ""200"": 224, ""503"": 568}",13000,33000,60000,9.452407459291235,0.0,0.0,80.31,83.44,False,,1788532334.557,90.937
none,saga,400,2,60.0,90.0,0.0,5.0,400,400,1537,1171,0.761874,0,0,0,,"{""0"": 1091, ""200"": 366, ""503"": 84}",17000,18000,21000,17.308637477063282,0.0,0.0,96.28,106.32,False,,1788532785.468,91.122
omission,saga,50,2,60.0,90.0,0.1,5.0,50,50,144,82,0.569444,2,2,0,1.0,"{""0"": 38, ""200"": 62, ""500"": 2, ""503"": 42}",3300,60000,60000,2.113697421599655,0.0,0.0,70.9,72.96,False,,1788533003.413,90.849
omission,saga,100,2,60.0,90.0,0.1,5.0,100,100,704,604,0.857955,0,0,0,,"{""0"": 33, ""200"": 100, ""500"": 1, ""503"": 570}",4400,20000,62000,7.948664611081425,0.0,0.0,74.83,77.45,False,,1788533254.0,90.912
omission,saga,200,2,60.0,90.0,0.1,5.0,200,200,713,494,0.692847,4,4,0,1.0,"{""0"": 60, ""200"": 219, ""503"": 434}",11000,60000,60000,9.055260905332254,0.0,0.0,80.38,84.4,False,,1788533573.878,90.944
omission,saga,400,2,60.0,90.0,0.1,5.0,400,400,1634,1634,1.0,0,0,0,,"{""0"": 1660}",17000,17000,17000,18.399985689153326,0.0,0.0,97.23,108.5,False,,1788534027.724,91.035
timing,saga,50,2,60.0,90.0,0.1,5.0,50,50,117,55,0.470085,0,0,0,,"{""0"": 38, ""200"": 62, ""503"": 17}",4900,60000,60000,1.7631195206307142,0.0,0.0,71.44,73.73,False,,1788534252.476,90.808
timing,saga,100,2,60.0,90.0,0.1,5.0,100,100,632,513,0.811709,12,12,0,1.0,"{""0"": 39, ""200"": 119, ""503"": 478}",4200,60000,62000,7.113105351788257,0.0,0.0,74.96,77.89,False,,1788534503.141,90.869
timing,saga,200,2,60.0,90.0,0.1,5.0,200,200,742,542,0.730458,0,0,0,,"{""0"": 81, ""200"": 200, ""500"": 2, ""503"": 463}",11000,60000,62000,8.352908120982464,2.17,97.7,79.96,83.93,False,,1788534822.23,90.918
timing,saga,400,2,60.0,90.0,0.1,5.0,400,400,1187,798,0.672283,3,3,0,1.0,"{""0"": 302, ""200"": 389, ""503"": 511}",17000,32000,51000,13.34716909184145,2.12,97.7,93.37,101.27,False,,1788535276.017,91.068
none,2pc,50,3,60.0,90.0,0.0,5.0,50,50,108,46,0.425926,1,1,0,1.0,"{""0"": 38, ""200"": 62, ""503"": 8}",3700,60000,60000,1.6460731191194318,0.0,0.0,71.24,73.5,False,,1788535514.764,90.902
none,2pc,100,3,60.0,90.0,0.0,5.0,100,100,490,364,0.742857,20,20,0,1.0,"{""0"": 18, ""200"": 126, ""500"": 1, ""503"": 346}",4900,49000,60000,5.545011419120422,0.0,0.0,74.79,77.16,False,,1788535769.7,90.904
none,2pc,200,3,60.0,90.0,0.0,5.0,200,200,618,418,0.676375,0,0,0,,"{""0"": 94, ""200"": 200, ""503"": 327}",11000,60000,60000,6.969124591759204,0.0,0.0,78.56,84.07,False,,1788536088.725,90.941
none,2pc,400,3,60.0,90.0,0.0,5.0,400,400,696,293,0.420977,0,0,0,,"{""0"": 306, ""200"": 403, ""503"": 27}",15000,17000,60000,7.8397638616283185,0.0,0.0,93.29,100.05,False,,1788536541.564,91.079
omission,2pc,50,3,60.0,90.0,0.1,5.0,50,50,100,47,0.47,0,0,0,,"{""0"": 47, ""200"": 53}",54000,60000,60000,1.4802065920778726,0.0,0.0,71.99,74.2,False,,1788536760.833,90.818
omission,2pc,100,3,60.0,90.0,0.1,5.0,100,100,489,389,0.795501,0,0,0,,"{""0"": 66, ""200"": 100, ""500"": 3, ""503"": 320}",3100,60000,62000,5.515956225501318,2.17,97.7,74.89,77.56,False,,1788537011.512,90.859
omission,2pc,200,3,60.0,90.0,0.1,5.0,200,200,670,445,0.664179,0,0,0,,"{""0"": 73, ""200"": 226, ""503"": 373}",11000,60000,62000,7.583745804792888,0.0,0.0,80.2,84.37,False,,1788537328.37,90.903
omission,2pc,400,3,60.0,90.0,0.1,5.0,400,400,1047,681,0.65043,0,0,0,,"{""0"": 663, ""200"": 366, ""503"": 18}",17000,17000,17000,13.248223151885654,0.0,0.0,94.01,104.84,False,,1788537779.568,90.977
timing,2pc,50,3,60.0,90.0,0.1,5.0,50,50,100,38,0.38,0,0,0,,"{""0"": 38, ""200"": 62}",43000,60000,60000,1.514323906234632,0.0,0.0,71.78,74.03,False,,1788537998.978,90.841
timing,2pc,100,3,60.0,90.0,0.1,5.0,100,100,722,602,0.833795,16,16,0,1.0,"{""0"": 17, ""200"": 120, ""500"": 1, ""503"": 586}",5300,31000,62000,8.139185588644645,0.0,0.0,74.97,77.14,False,,1788538249.4,90.918
timing,2pc,200,3,60.0,90.0,0.1,5.0,200,200,488,288,0.590164,0,0,0,,"{""0"": 107, ""200"": 200, ""500"": 1, ""503"": 193}",7400,62000,62000,5.502413791752822,0.0,0.0,80.35,84.11,False,,1788538567.103,90.906
timing,2pc,400,3,60.0,90.0,0.1,5.0,400,400,910,530,0.582418,0,0,0,,"{""0"": 360, ""200"": 380, ""503"": 170}",17000,27000,28000,10.800485188911683,0.0,0.0,92.72,102.25,False,,1788539017.413,90.993
none,saga,50,3,60.0,90.0,0.0,5.0,50,50,158,77,0.487342,5,5,0,1.0,"{""0"": 24, ""200"": 81, ""503"": 53}",3000,62000,62000,1.7992399426578158,0.02,0.8,71.65,73.6,False,,1788539254.489,90.763
none,saga,100,3,60.0,90.0,0.0,5.0,100,100,372,272,0.731183,0,0,0,,"{""0"": 60, ""200"": 100, ""500"": 1, ""503"": 211}",3900,60000,60000,4.312382385413321,2.17,97.7,75.05,77.97,False,,1788539506.672,90.857
none,saga,200,3,60.0,90.0,0.0,5.0,200,200,534,310,0.580524,0,0,0,,"{""0"": 91, ""200"": 224, ""503"": 224}",7400,62000,62000,6.003547981124427,0.0,0.0,80.3,84.06,False,,1788539823.425,90.937
none,saga,400,3,60.0,90.0,0.0,5.0,400,400,1268,894,0.705047,0,0,0,,"{""0"": 733, ""200"": 374, ""503"": 161}",17000,24000,25000,15.11925590180468,0.0,0.0,96.39,105.22,False,,1788540953.222,91.023
omission,saga,50,3,60.0,90.0,0.1,5.0,50,50,111,37,0.333333,4,4,0,1.0,"{""0"": 26, ""200"": 74, ""500"": 3, ""503"": 8}",5700,60000,60000,1.3325219994202957,0.0,0.0,71.49,73.62,False,,1788541171.092,90.815
omission,saga,100,3,60.0,90.0,0.1,5.0,100,100,678,568,0.837758,5,5,0,1.0,"{""0"": 42, ""200"": 110, ""503"": 528}",3400,60000,62000,7.652425337062725,0.0,0.0,74.73,77.58,False,,1788541388.81,90.828
omission,saga,200,3,60.0,90.0,0.1,5.0,200,200,776,562,0.724227,10,10,0,1.0,"{""0"": 56, ""200"": 214, ""500"": 1, ""503"": 514}",13000,60000,60000,8.730406660926185,0.0,0.0,80.35,84.01,False,,1788541673.57,90.863
omission,saga,400,3,60.0,90.0,0.1,5.0,400,400,1330,935,0.703008,0,0,0,,"{""0"": 657, ""200"": 395, ""500"": 1, ""503"": 277}",17000,25000,28000,14.992402295162735,2.12,97.7,96.43,106.32,False,,1788542023.059,91.158
timing,saga,50,3,60.0,90.0,0.1,5.0,50,50,100,36,0.36,0,0,0,,"{""0"": 36, ""200"": 64}",44000,60000,60000,1.5123102252229192,0.0,0.0,71.37,73.42,False,,1788542244.647,90.808
timing,saga,100,3,60.0,90.0,0.1,5.0,100,100,263,163,0.619772,0,0,0,,"{""0"": 76, ""200"": 100, ""503"": 89}",4500,60000,60000,2.9624467847502864,0.0,0.0,74.34,77.33,False,,1788542465.819,90.801
timing,saga,200,3,60.0,90.0,0.1,5.0,200,200,844,626,0.741706,7,7,0,1.0,"{""0"": 76, ""200"": 218, ""503"": 550}",13000,60000,60000,9.501271129150204,0.0,0.0,80.36,84.71,False,,1788542749.941,90.89
timing,saga,400,3,60.0,90.0,0.1,5.0,400,400,1466,1070,0.729877,0,0,0,,"{""0"": 655, ""200"": 397, ""503"": 430}",17000,28000,32000,16.49614168508792,0.0,0.0,96.43,106.29,False,,1788543104.889,90.994
none,2pc,50,4,60.0,90.0,0.0,5.0,50,50,109,25,0.229358,9,9,0,1.0,"{""0"": 25, ""200"": 84}",18000,60000,60000,1.2347079252075517,0.0,0.0,71.7,73.69,False,,1788543341.697,90.849
none,2pc,100,4,60.0,90.0,0.0,5.0,100,100,326,218,0.668712,5,5,0,1.0,"{""0"": 48, ""200"": 108, ""503"": 170}",5100,60000,62000,3.7105460339647625,0.0,0.0,75.04,77.73,False,,1788543562.253,90.923
none,2pc,200,4,60.0,90.0,0.0,5.0,200,200,781,581,0.743918,0,0,0,,"{""0"": 93, ""200"": 200, ""500"": 1, ""503"": 497}",9100,60000,62000,8.795176037261383,2.32,104.2,80.21,84.44,False,,1788543851.829,90.873
none,2pc,400,4,60.0,90.0,0.0,5.0,400,400,1298,908,0.699538,0,0,0,,"{""0"": 650, ""200"": 390, ""503"": 277}",17000,27000,36000,14.623037965415888,0.0,0.0,96.2,105.19,False,,1788544201.017,91.005
omission,2pc,50,4,60.0,90.0,0.1,5.0,50,50,188,112,0.595745,12,12,0,1.0,"{""0"": 35, ""200"": 77, ""500"": 2, ""503"": 75}",3100,62000,62000,2.1260756648637225,0.0,0.0,71.19,73.39,False,,1788544420.596,90.873
omission,2pc,100,4,60.0,90.0,0.1,5.0,100,100,369,269,0.728997,0,0,0,,"{""0"": 75, ""200"": 100, ""503"": 194}",3400,60000,60000,4.185582810762284,0.0,0.0,74.61,77.94,False,,1788544645.81,90.893
omission,2pc,200,4,60.0,90.0,0.1,5.0,200,200,1019,811,0.795878,4,4,0,1.0,"{""0"": 31, ""200"": 208, ""409"": 1, ""503"": 785}",11000,29000,60000,11.470434188622068,0.0,0.0,80.32,84.18,False,,1788544933.57,90.879
omission,2pc,400,4,60.0,90.0,0.1,5.0,400,400,895,514,0.574302,0,0,0,,"{""0"": 290, ""200"": 381, ""503"": 224}",17000,60000,60000,9.977456473327063,0.0,0.0,93.17,102.82,False,,1788545285.637,91.226
timing,2pc,50,4,60.0,90.0,0.1,5.0,50,50,101,39,0.386139,0,0,0,,"{""0"": 38, ""200"": 62, ""500"": 1}",9400,60000,60000,1.5387206570079002,0.0,0.0,71.93,74.12,False,,1788545506.778,90.843
timing,2pc,100,4,60.0,90.0,0.1,5.0,100,100,380,270,0.710526,9,9,0,1.0,"{""0"": 57, ""200"": 110, ""503"": 213}",4700,62000,62000,4.931217331954677,0.0,0.0,75.11,78.06,False,,1788545725.9,90.831
timing,2pc,200,4,60.0,90.0,0.1,5.0,200,200,640,425,0.664062,12,12,0,1.0,"{""0"": 62, ""200"": 215, ""503"": 371}",16000,60000,60000,7.195929657658654,0.0,0.0,78.72,84.29,False,,1788546010.558,91.016
timing,2pc,400,4,60.0,90.0,0.1,5.0,400,400,912,523,0.573465,0,0,0,,"{""0"": 344, ""200"": 389, ""503"": 179}",17000,25000,27000,10.533681493995404,0.0,0.0,93.52,101.08,False,,1788546363.75,91.014
none,saga,50,4,60.0,90.0,0.0,5.0,50,50,174,111,0.637931,0,0,0,,"{""0"": 37, ""200"": 63, ""503"": 74}",3300,60000,60000,1.974894568421238,0.0,0.0,71.44,73.38,False,,1788546600.823,90.817
none,saga,100,4,60.0,90.0,0.0,5.0,100,100,375,247,0.658667,11,11,0,1.0,"{""0"": 70, ""200"": 128, ""500"": 2, ""503"": 179}",4300,60000,60000,4.2285499775880915,0.0,0.0,74.54,77.99,False,,1788546822.005,90.845
none,saga,200,4,60.0,90.0,0.0,5.0,200,200,1038,823,0.792871,14,14,0,1.0,"{""0"": 62, ""200"": 215, ""500"": 2, ""503"": 767}",11000,59000,62000,11.681330629201888,0.0,0.0,80.57,84.56,False,,1788547108.942,90.979
none,saga,400,4,60.0,90.0,0.0,5.0,400,400,1463,1068,0.730007,0,0,0,,"{""0"": 977, ""200"": 395, ""503"": 103}",17000,22000,24000,16.46838959183765,0.0,0.0,95.85,106.18,False,,1788547464.238,91.112
omission,saga,50,4,60.0,90.0,0.1,5.0,50,50,101,37,0.366337,1,1,0,1.0,"{""0"": 36, ""200"": 64, ""500"": 1}",11000,60000,60000,1.4487834406897004,2.17,97.7,71.82,73.91,False,,1788547686.994,90.95
omission,saga,100,4,60.0,90.0,0.1,5.0,100,100,1005,872,0.867662,30,30,0,1.0,"{""200"": 133, ""503"": 872}",4700,15000,38000,11.349183675613963,0.0,0.0,75.06,77.27,False,,1788547907.751,90.979
omission,saga,200,4,60.0,90.0,0.1,5.0,200,200,602,482,0.800664,0,0,0,,"{""0"": 440, ""200"": 120, ""503"": 42}",17000,62000,62000,7.608024737735796,0.0,0.0,80.2,89.24,False,,1788548197.826,90.987
omission,saga,400,4,60.0,90.0,0.1,5.0,400,400,1636,1636,1.0,0,0,0,,"{""0"": 1661}",17000,17000,17000,18.4356853400095,0.0,0.0,96.53,107.12,False,,1788548548.281,91.106
timing,saga,50,4,60.0,90.0,0.1,5.0,50,50,116,50,0.431034,7,7,0,1.0,"{""0"": 50, ""200"": 66}",14000,60000,60000,1.312879318646606,2.32,104.2,71.79,74.04,False,,1788548772.032,90.814
timing,saga,100,4,60.0,90.0,0.1,5.0,100,100,779,622,0.79846,48,45,3,0.9375,"{""0"": 9, ""200"": 154, ""201"": 4, ""500"": 1, ""503"": 614}",3400,31000,62000,8.764319386108903,0.0,0.0,75.33,77.49,False,,1788548990.038,90.842
timing,saga,200,4,60.0,90.0,0.1,5.0,200,200,1086,875,0.805709,7,7,0,1.0,"{""0"": 48, ""200"": 211, ""503"": 836}",9900,29000,60000,12.217263151118761,0.0,0.0,80.6,84.63,False,,1788549276.195,90.885
timing,saga,400,4,60.0,90.0,0.1,5.0,400,400,1114,713,0.640036,0,0,0,,"{""0"": 315, ""200"": 402, ""503"": 398}",17000,36000,41000,12.697736330224942,0.0,0.0,93.92,101.89,False,,1788549629.424,91.037
none,2pc,50,5,60.0,90.0,0.0,5.0,50,50,100,44,0.44,0,0,0,,"{""0"": 44, ""200"": 56}",56000,60000,60000,1.509695954802648,0.43,20.0,70.95,73.64,False,,1788549866.766,91.295
none,2pc,100,5,60.0,90.0,0.0,5.0,100,100,221,121,0.547511,0,0,0,,"{""0"": 91, ""200"": 100, ""503"": 30}",6100,60000,60000,3.114633482947262,0.0,0.0,74.68,78.41,False,,1788550087.334,90.929
none,2pc,200,5,60.0,90.0,0.0,5.0,200,200,865,661,0.764162,4,4,0,1.0,"{""0"": 44, ""200"": 204, ""500"": 1, ""503"": 616}",13000,38000,60000,10.17474580999535,0.0,0.0,80.4,84.29,False,,1788550374.577,90.994
none,2pc,400,5,60.0,90.0,0.0,5.0,400,400,709,325,0.458392,0,0,0,,"{""0"": 344, ""200"": 385, ""503"": 15}",15000,17000,60000,7.977507440976948,0.0,0.0,93.51,100.75,False,,1788550726.181,91.05
omission,2pc,50,5,60.0,90.0,0.1,5.0,50,50,103,36,0.349515,3,3,0,1.0,"{""0"": 33, ""200"": 67, ""500"": 3}",11000,60000,60000,1.4395370181082145,0.0,0.0,71.37,73.41,False,,1788550948.248,90.842
omission,2pc,100,5,60.0,90.0,0.1,5.0,100,100,286,153,0.534965,9,9,0,1.0,"{""0"": 67, ""200"": 133, ""500"": 2, ""503"": 89}",4100,62000,62000,3.219905592797703,2.17,97.7,74.55,77.22,False,,1788551168.92,90.849
omission,2pc,200,5,60.0,90.0,0.1,5.0,200,200,598,375,0.62709,3,3,0,1.0,"{""0"": 67, ""200"": 223, ""500"": 1, ""503"": 316}",11000,60000,62000,6.748898580362091,0.0,0.0,80.35,83.79,False,,1788551454.159,90.915
omission,2pc,400,5,60.0,90.0,0.1,5.0,400,400,1714,1349,0.787048,0,0,0,,"{""0"": 1349, ""200"": 365}",17000,17000,17000,19.36173220943721,0.0,0.0,97.14,108.46,False,,1788551804.159,91.069
timing,2pc,50,5,60.0,90.0,0.1,5.0,50,50,112,27,0.241071,12,12,0,1.0,"{""0"": 27, ""200"": 85, ""500"": 1}",15000,60000,60000,1.2743872860347434,0.0,0.0,71.66,73.64,False,,1788552024.133,90.81
timing,2pc,100,5,60.0,90.0,0.1,5.0,100,100,223,112,0.502242,0,0,0,,"{""0"": 96, ""200"": 112, ""503"": 17}",9500,60000,60000,2.529664433702862,0.0,0.0,74.82,78.33,False,,1788552241.438,90.829
timing,2pc,200,5,60.0,90.0,0.1,5.0,200,200,671,468,0.697466,1,1,0,1.0,"{""0"": 104, ""200"": 204, ""503"": 364}",11000,60000,60000,7.642088438358401,0.0,0.0,80.27,84.71,False,,1788552524.014,90.93
timing,2pc,400,5,60.0,90.0,0.1,5.0,400,400,1193,809,0.678122,0,0,0,,"{""0"": 627, ""200"": 384, ""503"": 182}",17000,26000,28000,15.096281976996357,0.02,0.8,96.88,106.79,False,,1788553430.898,91.35
none,saga,50,5,60.0,90.0,0.0,5.0,50,50,100,24,0.24,0,0,0,,"{""0"": 24, ""200"": 76}",27000,60000,60000,1.536253074815307,0.0,0.0,71.72,74.11,False,,1788553681.078,91.152
none,saga,100,5,60.0,90.0,0.0,5.0,100,100,210,110,0.52381,0,0,0,,"{""0"": 96, ""200"": 100, ""503"": 14}",6400,60000,60000,2.8925433784954437,0.0,0.0,74.72,78.26,False,,1788553911.361,90.858
none,saga,200,5,60.0,90.0,0.0,5.0,200,200,461,233,0.505423,0,0,0,,"{""0"": 90, ""200"": 228, ""503"": 143}",14000,60000,60000,5.208270912685319,0.0,0.0,80.71,84.3,False,,1788554196.387,90.862
none,saga,400,5,60.0,90.0,0.0,5.0,400,400,1442,1072,0.743412,0,0,0,,"{""0"": 980, ""200"": 370, ""503"": 92}",17000,23000,27000,16.08164762528061,0.0,0.0,96.58,106.24,False,,1788554553.504,91.036
omission,saga,50,5,60.0,90.0,0.1,5.0,50,50,100,41,0.41,0,0,0,,"{""0"": 41, ""200"": 59}",52000,60000,60000,1.5174243238115226,0.0,0.0,71.48,73.61,False,,1788554779.89,90.846
omission,saga,100,5,60.0,90.0,0.1,5.0,100,100,397,284,0.715365,3,3,0,1.0,"{""0"": 87, ""200"": 113, ""503"": 197}",4500,60000,60000,4.63033782806124,0.0,0.0,74.34,78.15,False,,1788554998.425,90.894
omission,saga,200,5,60.0,90.0,0.1,5.0,200,200,481,259,0.538462,0,0,0,,"{""0"": 93, ""200"": 223, ""503"": 170}",10000,60000,62000,5.430006475790563,0.0,0.0,80.07,83.66,False,,1788555290.964,90.903
omission,saga,400,5,60.0,90.0,0.1,5.0,400,400,792,393,0.496212,0,0,0,,"{""0"": 430, ""200"": 399, ""500"": 1}",17000,60000,60000,8.92005561027276,0.0,0.0,91.54,101.66,False,,1788555639.948,90.989
timing,saga,50,5,60.0,90.0,0.1,5.0,50,50,100,44,0.44,0,0,0,,"{""0"": 44, ""200"": 56}",53000,60000,60000,1.523053212911332,0.0,0.0,71.68,73.85,False,,1788555859.356,90.797
timing,saga,100,5,60.0,90.0,0.1,5.0,100,100,219,119,0.543379,0,0,0,,"{""0"": 96, ""200"": 100, ""500"": 1, ""503"": 25}",5500,60000,60000,2.9751804955856533,0.0,0.0,74.29,77.34,False,,1788556077.057,90.896
timing,saga,200,5,60.0,90.0,0.1,5.0,200,200,458,258,0.563319,0,0,0,,"{""0"": 64, ""200"": 200, ""503"": 194}",9600,60000,60000,6.390364300596817,0.0,0.0,80.24,83.43,False,,1788556362.268,90.916
timing,saga,400,5,60.0,90.0,0.1,5.0,400,400,1635,1635,1.0,0,0,0,,"{""0"": 1659}",17000,17000,17000,18.432096672066656,0.0,0.0,96.89,108.07,False,,1788556714.85,91.067
