motor,etapa,master,ejecutores,orden_ejecucion,es_calentamiento,repeticion_util,repeticion,duracion_segundos,tiempo_jdbc_segundos,tiempo_computo_segundos,cpu_segundos,rss_inicial_mb,rss_final_mb,ordenes_fuente,detalles_fuente,usuarios_fuente,filas_resultado_etapa,dataset_max_order_id,python,spark,pandas,modalidad_lectura
pyspark,t1,spark://e4-spark-master:7077,1.0,1,True,,1,15.394901,13.605716,0.477087,0.05,62.016,62.266,600000,600000,10000,600000,600000,3.8.10,3.5.5,,jdbc_sin_particionar
pyspark,t1,spark://e4-spark-master:7077,1.0,2,False,1.0,2,15.509367,13.85724,0.362749,0.05,62.316,62.316,600000,600000,10000,600000,600000,3.8.10,3.5.5,,jdbc_sin_particionar
pyspark,t1,spark://e4-spark-master:7077,1.0,3,False,2.0,3,14.320745,12.80196,0.292995,0.05,62.57,62.695,600000,600000,10000,600000,600000,3.8.10,3.5.5,,jdbc_sin_particionar
pyspark,t1,spark://e4-spark-master:7077,1.0,4,False,3.0,4,13.913573,12.437669,0.31631,0.04,62.516,62.516,600000,600000,10000,600000,600000,3.8.10,3.5.5,,jdbc_sin_particionar
pyspark,t1,spark://e4-spark-master:7077,1.0,5,False,4.0,5,14.522985,12.918536,0.367884,0.06,62.281,62.406,600000,600000,10000,600000,600000,3.8.10,3.5.5,,jdbc_sin_particionar
pyspark,t1,spark://e4-spark-master:7077,1.0,6,False,5.0,6,14.521888,12.823996,0.37925,0.05,61.934,61.934,600000,600000,10000,600000,600000,3.8.10,3.5.5,,jdbc_sin_particionar
pyspark,t1,spark://e4-spark-master:7077,2.0,1,True,,1,14.542323,12.878345,0.374421,0.05,62.137,62.387,600000,600000,10000,600000,600000,3.8.10,3.5.5,,jdbc_sin_particionar
pyspark,t1,spark://e4-spark-master:7077,2.0,2,False,1.0,2,17.106608,15.647543,0.266087,0.04,62.184,62.434,600000,600000,10000,600000,600000,3.8.10,3.5.5,,jdbc_sin_particionar
pyspark,t1,spark://e4-spark-master:7077,2.0,3,False,2.0,3,18.604831,16.771797,0.477659,0.06,62.434,62.434,600000,600000,10000,600000,600000,3.8.10,3.5.5,,jdbc_sin_particionar
pyspark,t1,spark://e4-spark-master:7077,2.0,4,False,3.0,4,17.405699,15.868369,0.332856,0.05,62.613,62.738,600000,600000,10000,600000,600000,3.8.10,3.5.5,,jdbc_sin_particionar
pyspark,t1,spark://e4-spark-master:7077,2.0,5,False,4.0,5,15.101421,13.460076,0.371357,0.05,62.641,62.891,600000,600000,10000,600000,600000,3.8.10,3.5.5,,jdbc_sin_particionar
pyspark,t1,spark://e4-spark-master:7077,2.0,6,False,5.0,6,17.357672,15.778354,0.378235,0.04,61.898,62.148,600000,600000,10000,600000,600000,3.8.10,3.5.5,,jdbc_sin_particionar
pyspark,t1,spark://e4-spark-master:7077,4.0,1,True,,1,17.836513,16.114091,0.376284,0.05,62.605,62.73,600000,600000,10000,600000,600000,3.8.10,3.5.5,,jdbc_sin_particionar
pyspark,t1,spark://e4-spark-master:7077,4.0,2,False,1.0,2,20.476389,18.90618,0.273116,0.05,61.973,62.223,600000,600000,10000,600000,600000,3.8.10,3.5.5,,jdbc_sin_particionar
pyspark,t1,spark://e4-spark-master:7077,4.0,3,False,2.0,3,18.211736,16.373505,0.452727,0.05,62.262,62.387,600000,600000,10000,600000,600000,3.8.10,3.5.5,,jdbc_sin_particionar
pyspark,t1,spark://e4-spark-master:7077,4.0,4,False,3.0,4,20.644342,18.674307,0.541232,0.05,62.566,62.566,600000,600000,10000,600000,600000,3.8.10,3.5.5,,jdbc_sin_particionar
pyspark,t1,spark://e4-spark-master:7077,4.0,5,False,4.0,5,19.152489,17.190316,0.427043,0.05,62.492,62.492,600000,600000,10000,600000,600000,3.8.10,3.5.5,,jdbc_sin_particionar
pyspark,t1,spark://e4-spark-master:7077,4.0,6,False,5.0,6,17.178269,15.634333,0.268148,0.05,62.523,62.773,600000,600000,10000,600000,600000,3.8.10,3.5.5,,jdbc_sin_particionar
pyspark,t2,spark://e4-spark-master:7077,1.0,1,True,,1,14.840841,12.657254,0.956588,0.06,62.574,62.949,600000,600000,10000,570000,600000,3.8.10,3.5.5,,jdbc_sin_particionar
pyspark,t2,spark://e4-spark-master:7077,1.0,2,False,1.0,2,15.078155,12.883079,0.972376,0.05,62.09,62.34,600000,600000,10000,570000,600000,3.8.10,3.5.5,,jdbc_sin_particionar
pyspark,t2,spark://e4-spark-master:7077,1.0,3,False,2.0,3,14.45437,12.348538,0.855608,0.06,62.406,62.531,600000,600000,10000,570000,600000,3.8.10,3.5.5,,jdbc_sin_particionar
pyspark,t2,spark://e4-spark-master:7077,1.0,4,False,3.0,4,15.243047,13.072618,0.880504,0.06,62.172,62.422,600000,600000,10000,570000,600000,3.8.10,3.5.5,,jdbc_sin_particionar
pyspark,t2,spark://e4-spark-master:7077,1.0,5,False,4.0,5,15.335233,13.187927,0.968566,0.04,62.199,62.574,600000,600000,10000,570000,600000,3.8.10,3.5.5,,jdbc_sin_particionar
pyspark,t2,spark://e4-spark-master:7077,1.0,6,False,5.0,6,15.214505,13.045896,0.863877,0.05,62.434,62.434,600000,600000,10000,570000,600000,3.8.10,3.5.5,,jdbc_sin_particionar
pyspark,t2,spark://e4-spark-master:7077,2.0,1,True,,1,14.794814,12.58697,0.882893,0.05,62.516,62.641,600000,600000,10000,570000,600000,3.8.10,3.5.5,,jdbc_sin_particionar
pyspark,t2,spark://e4-spark-master:7077,2.0,2,False,1.0,2,19.269254,16.6268,1.392616,0.05,62.418,62.418,600000,600000,10000,570000,600000,3.8.10,3.5.5,,jdbc_sin_particionar
pyspark,t2,spark://e4-spark-master:7077,2.0,3,False,2.0,3,15.351315,13.055528,1.010842,0.05,62.641,62.766,600000,600000,10000,570000,600000,3.8.10,3.5.5,,jdbc_sin_particionar
pyspark,t2,spark://e4-spark-master:7077,2.0,4,False,3.0,4,19.769203,17.288639,1.042167,0.05,62.309,62.434,600000,600000,10000,570000,600000,3.8.10,3.5.5,,jdbc_sin_particionar
pyspark,t2,spark://e4-spark-master:7077,2.0,5,False,4.0,5,19.046143,16.713007,0.955709,0.05,62.375,62.375,600000,600000,10000,570000,600000,3.8.10,3.5.5,,jdbc_sin_particionar
pyspark,t2,spark://e4-spark-master:7077,2.0,6,False,5.0,6,19.616465,17.051523,1.335162,0.06,62.02,62.27,600000,600000,10000,570000,600000,3.8.10,3.5.5,,jdbc_sin_particionar
pyspark,t2,spark://e4-spark-master:7077,4.0,1,True,,1,21.527806,19.185776,0.766899,0.05,62.312,62.438,600000,600000,10000,570000,600000,3.8.10,3.5.5,,jdbc_sin_particionar
pyspark,t2,spark://e4-spark-master:7077,4.0,2,False,1.0,2,23.174914,20.8403,0.965167,0.06,62.023,62.148,600000,600000,10000,570000,600000,3.8.10,3.5.5,,jdbc_sin_particionar
pyspark,t2,spark://e4-spark-master:7077,4.0,3,False,2.0,3,20.17981,17.725052,0.928084,0.07,62.191,62.316,600000,600000,10000,570000,600000,3.8.10,3.5.5,,jdbc_sin_particionar
pyspark,t2,spark://e4-spark-master:7077,4.0,4,False,3.0,4,24.136191,19.324333,1.597347,0.12,61.996,62.121,600000,600000,10000,570000,600000,3.8.10,3.5.5,,jdbc_sin_particionar
pyspark,t2,spark://e4-spark-master:7077,4.0,5,False,4.0,5,22.907321,19.259051,1.750485,0.07,62.43,62.555,600000,600000,10000,570000,600000,3.8.10,3.5.5,,jdbc_sin_particionar
pyspark,t2,spark://e4-spark-master:7077,4.0,6,False,5.0,6,20.071587,17.715209,0.895706,0.06,62.422,62.422,600000,600000,10000,570000,600000,3.8.10,3.5.5,,jdbc_sin_particionar
pyspark,t3,spark://e4-spark-master:7077,1.0,1,True,,1,18.506033,14.586596,2.653806,0.07,62.188,62.562,600000,600000,10000,570000,600000,3.8.10,3.5.5,,jdbc_sin_particionar
pyspark,t3,spark://e4-spark-master:7077,1.0,2,False,1.0,2,17.202533,12.875006,2.878184,0.07,62.277,62.527,600000,600000,10000,570000,600000,3.8.10,3.5.5,,jdbc_sin_particionar
pyspark,t3,spark://e4-spark-master:7077,1.0,3,False,2.0,3,17.175122,13.291013,2.687951,0.07,62.316,62.566,600000,600000,10000,570000,600000,3.8.10,3.5.5,,jdbc_sin_particionar
pyspark,t3,spark://e4-spark-master:7077,1.0,4,False,3.0,4,16.4222,12.696746,2.451529,0.07,62.391,62.641,600000,600000,10000,570000,600000,3.8.10,3.5.5,,jdbc_sin_particionar
pyspark,t3,spark://e4-spark-master:7077,1.0,5,False,4.0,5,16.105879,12.548858,2.416127,0.06,62.137,62.262,600000,600000,10000,570000,600000,3.8.10,3.5.5,,jdbc_sin_particionar
pyspark,t3,spark://e4-spark-master:7077,1.0,6,False,5.0,6,17.081875,13.245439,2.663385,0.07,62.406,62.531,600000,600000,10000,570000,600000,3.8.10,3.5.5,,jdbc_sin_particionar
pyspark,t3,spark://e4-spark-master:7077,2.0,1,True,,1,19.851835,15.762005,2.898188,0.07,62.348,62.598,600000,600000,10000,570000,600000,3.8.10,3.5.5,,jdbc_sin_particionar
pyspark,t3,spark://e4-spark-master:7077,2.0,2,False,1.0,2,20.775882,16.725987,2.837514,0.06,62.359,62.484,600000,600000,10000,570000,600000,3.8.10,3.5.5,,jdbc_sin_particionar
pyspark,t3,spark://e4-spark-master:7077,2.0,3,False,2.0,3,21.693507,17.241021,3.072802,0.08,62.641,62.766,600000,600000,10000,570000,600000,3.8.10,3.5.5,,jdbc_sin_particionar
pyspark,t3,spark://e4-spark-master:7077,2.0,4,False,3.0,4,18.272354,14.231632,2.744829,0.06,62.07,62.195,600000,600000,10000,570000,600000,3.8.10,3.5.5,,jdbc_sin_particionar
pyspark,t3,spark://e4-spark-master:7077,2.0,5,False,4.0,5,21.264367,16.883699,3.010671,0.07,62.207,62.332,600000,600000,10000,570000,600000,3.8.10,3.5.5,,jdbc_sin_particionar
pyspark,t3,spark://e4-spark-master:7077,2.0,6,False,5.0,6,20.631544,16.524,2.807165,0.06,62.312,62.438,600000,600000,10000,570000,600000,3.8.10,3.5.5,,jdbc_sin_particionar
pyspark,t3,spark://e4-spark-master:7077,4.0,1,True,,1,22.595259,18.119992,3.014618,0.09,62.359,62.484,600000,600000,10000,570000,600000,3.8.10,3.5.5,,jdbc_sin_particionar
pyspark,t3,spark://e4-spark-master:7077,4.0,2,False,1.0,2,21.446426,16.898903,3.108744,0.06,62.395,62.395,600000,600000,10000,570000,600000,3.8.10,3.5.5,,jdbc_sin_particionar
pyspark,t3,spark://e4-spark-master:7077,4.0,3,False,2.0,3,25.964903,21.633075,2.928109,0.07,62.59,62.715,600000,600000,10000,570000,600000,3.8.10,3.5.5,,jdbc_sin_particionar
pyspark,t3,spark://e4-spark-master:7077,4.0,4,False,3.0,4,20.400542,16.561103,2.477423,0.08,61.906,62.156,600000,600000,10000,570000,600000,3.8.10,3.5.5,,jdbc_sin_particionar
pyspark,t3,spark://e4-spark-master:7077,4.0,5,False,4.0,5,21.888446,17.405536,3.025812,0.06,62.512,62.512,600000,600000,10000,570000,600000,3.8.10,3.5.5,,jdbc_sin_particionar
pyspark,t3,spark://e4-spark-master:7077,4.0,6,False,5.0,6,25.813463,21.101311,3.038138,0.08,62.422,62.422,600000,600000,10000,570000,600000,3.8.10,3.5.5,,jdbc_sin_particionar
pyspark,t4,spark://e4-spark-master:7077,1.0,1,True,,1,22.292353,14.220229,6.800063,0.1,62.641,62.891,600000,600000,10000,40,600000,3.8.10,3.5.5,,jdbc_sin_particionar
pyspark,t4,spark://e4-spark-master:7077,1.0,2,False,1.0,2,22.157958,13.59915,7.282899,0.09,62.508,62.633,600000,600000,10000,40,600000,3.8.10,3.5.5,,jdbc_sin_particionar
pyspark,t4,spark://e4-spark-master:7077,1.0,3,False,2.0,3,22.252642,13.482748,7.363935,0.09,62.449,62.699,600000,600000,10000,40,600000,3.8.10,3.5.5,,jdbc_sin_particionar
pyspark,t4,spark://e4-spark-master:7077,1.0,4,False,3.0,4,21.700815,13.36459,7.18674,0.09,62.238,62.363,600000,600000,10000,40,600000,3.8.10,3.5.5,,jdbc_sin_particionar
pyspark,t4,spark://e4-spark-master:7077,1.0,5,False,4.0,5,22.598203,13.668035,7.650293,0.1,62.441,62.566,600000,600000,10000,40,600000,3.8.10,3.5.5,,jdbc_sin_particionar
pyspark,t4,spark://e4-spark-master:7077,1.0,6,False,5.0,6,22.17364,13.997938,6.77643,0.1,62.332,62.457,600000,600000,10000,40,600000,3.8.10,3.5.5,,jdbc_sin_particionar
pyspark,t4,spark://e4-spark-master:7077,2.0,1,True,,1,24.305072,16.554817,6.421151,0.1,62.719,62.844,600000,600000,10000,40,600000,3.8.10,3.5.5,,jdbc_sin_particionar
pyspark,t4,spark://e4-spark-master:7077,2.0,2,False,1.0,2,21.873994,13.613811,7.003473,0.1,62.117,62.242,600000,600000,10000,40,600000,3.8.10,3.5.5,,jdbc_sin_particionar
pyspark,t4,spark://e4-spark-master:7077,2.0,3,False,2.0,3,25.717667,17.821106,6.566209,0.1,62.387,62.637,600000,600000,10000,40,600000,3.8.10,3.5.5,,jdbc_sin_particionar
pyspark,t4,spark://e4-spark-master:7077,2.0,4,False,3.0,4,21.925393,13.798011,6.792389,0.1,62.289,62.539,600000,600000,10000,40,600000,3.8.10,3.5.5,,jdbc_sin_particionar
pyspark,t4,spark://e4-spark-master:7077,2.0,5,False,4.0,5,25.55546,16.918412,7.244249,0.09,62.352,62.477,600000,600000,10000,40,600000,3.8.10,3.5.5,,jdbc_sin_particionar
pyspark,t4,spark://e4-spark-master:7077,2.0,6,False,5.0,6,23.970486,16.420119,5.953547,0.1,62.434,62.434,600000,600000,10000,40,600000,3.8.10,3.5.5,,jdbc_sin_particionar
pyspark,t4,spark://e4-spark-master:7077,4.0,1,True,,1,27.23786,19.471346,6.226851,0.1,62.391,62.516,600000,600000,10000,40,600000,3.8.10,3.5.5,,jdbc_sin_particionar
pyspark,t4,spark://e4-spark-master:7077,4.0,2,False,1.0,2,23.899502,16.234908,6.311524,0.09,62.477,62.852,600000,600000,10000,40,600000,3.8.10,3.5.5,,jdbc_sin_particionar
pyspark,t4,spark://e4-spark-master:7077,4.0,3,False,2.0,3,23.513695,15.98887,6.313502,0.09,62.34,62.465,600000,600000,10000,40,600000,3.8.10,3.5.5,,jdbc_sin_particionar
pyspark,t4,spark://e4-spark-master:7077,4.0,4,False,3.0,4,26.188399,18.373598,6.571429,0.09,62.184,62.184,600000,600000,10000,40,600000,3.8.10,3.5.5,,jdbc_sin_particionar
pyspark,t4,spark://e4-spark-master:7077,4.0,5,False,4.0,5,23.952817,16.22103,6.465975,0.09,62.395,62.52,600000,600000,10000,40,600000,3.8.10,3.5.5,,jdbc_sin_particionar
pyspark,t4,spark://e4-spark-master:7077,4.0,6,False,5.0,6,23.526628,15.763921,6.515286,0.09,62.211,62.461,600000,600000,10000,40,600000,3.8.10,3.5.5,,jdbc_sin_particionar
pyspark,t5,spark://e4-spark-master:7077,1.0,1,True,,1,31.8595,12.447901,4.211712,0.12,62.055,62.18,600000,600000,10000,9500,600000,3.8.10,3.5.5,,jdbc_sin_particionar
pyspark,t5,spark://e4-spark-master:7077,1.0,2,False,1.0,2,33.112411,12.80346,4.486,0.12,62.414,62.414,600000,600000,10000,9500,600000,3.8.10,3.5.5,,jdbc_sin_particionar
pyspark,t5,spark://e4-spark-master:7077,1.0,3,False,2.0,3,32.677176,13.052441,4.810807,0.1,62.137,62.387,600000,600000,10000,9500,600000,3.8.10,3.5.5,,jdbc_sin_particionar
pyspark,t5,spark://e4-spark-master:7077,1.0,4,False,3.0,4,33.118199,12.582154,4.570366,0.12,61.949,62.074,600000,600000,10000,9500,600000,3.8.10,3.5.5,,jdbc_sin_particionar
pyspark,t5,spark://e4-spark-master:7077,1.0,5,False,4.0,5,33.564339,12.536941,4.471986,0.12,62.062,62.188,600000,600000,10000,9500,600000,3.8.10,3.5.5,,jdbc_sin_particionar
pyspark,t5,spark://e4-spark-master:7077,1.0,6,False,5.0,6,33.359076,13.080862,4.897943,0.12,62.266,62.516,600000,600000,10000,9500,600000,3.8.10,3.5.5,,jdbc_sin_particionar
pyspark,t5,spark://e4-spark-master:7077,2.0,1,True,,1,32.476229,12.86582,4.580921,0.12,62.09,62.215,600000,600000,10000,9500,600000,3.8.10,3.5.5,,jdbc_sin_particionar
pyspark,t5,spark://e4-spark-master:7077,2.0,2,False,1.0,2,36.05084,15.477343,4.558838,0.12,62.133,62.258,600000,600000,10000,9500,600000,3.8.10,3.5.5,,jdbc_sin_particionar
pyspark,t5,spark://e4-spark-master:7077,2.0,3,False,2.0,3,35.180929,15.662772,4.569686,0.12,62.453,62.578,600000,600000,10000,9500,600000,3.8.10,3.5.5,,jdbc_sin_particionar
pyspark,t5,spark://e4-spark-master:7077,2.0,4,False,3.0,4,35.262188,14.885432,4.683978,0.13,62.32,62.445,600000,600000,10000,9500,600000,3.8.10,3.5.5,,jdbc_sin_particionar
pyspark,t5,spark://e4-spark-master:7077,2.0,5,False,4.0,5,35.729732,15.563385,4.878802,0.12,61.906,62.156,600000,600000,10000,9500,600000,3.8.10,3.5.5,,jdbc_sin_particionar
pyspark,t5,spark://e4-spark-master:7077,2.0,6,False,5.0,6,35.722294,15.790626,4.772821,0.13,61.805,61.805,600000,600000,10000,9500,600000,3.8.10,3.5.5,,jdbc_sin_particionar
pyspark,t5,spark://e4-spark-master:7077,4.0,1,True,,1,39.496882,18.71506,4.854118,0.12,61.594,61.594,600000,600000,10000,9500,600000,3.8.10,3.5.5,,jdbc_sin_particionar
pyspark,t5,spark://e4-spark-master:7077,4.0,2,False,1.0,2,39.321907,18.211074,4.867602,0.11,62.207,62.332,600000,600000,10000,9500,600000,3.8.10,3.5.5,,jdbc_sin_particionar
pyspark,t5,spark://e4-spark-master:7077,4.0,3,False,2.0,3,35.486715,15.972903,4.494849,0.11,61.707,61.832,600000,600000,10000,9500,600000,3.8.10,3.5.5,,jdbc_sin_particionar
pyspark,t5,spark://e4-spark-master:7077,4.0,4,False,3.0,4,39.039621,18.697901,4.7501,0.12,61.945,62.07,600000,600000,10000,9500,600000,3.8.10,3.5.5,,jdbc_sin_particionar
pyspark,t5,spark://e4-spark-master:7077,4.0,5,False,4.0,5,35.381671,15.610469,4.590014,0.11,61.883,61.883,600000,600000,10000,9500,600000,3.8.10,3.5.5,,jdbc_sin_particionar
pyspark,t5,spark://e4-spark-master:7077,4.0,6,False,5.0,6,39.940125,19.107344,4.908604,0.12,62.496,62.621,600000,600000,10000,9500,600000,3.8.10,3.5.5,,jdbc_sin_particionar
pandas,t1,single-process,,1,True,,1,3.028696,2.471928,0.459116,1.95,104.109,217.832,600000,600000,10000,600000,600000,3.8.10,,2.0.3,baseline_pandas_sql_directo
pandas,t1,single-process,,2,False,1.0,2,2.907069,2.251719,0.553796,1.98,104.184,217.77,600000,600000,10000,600000,600000,3.8.10,,2.0.3,baseline_pandas_sql_directo
pandas,t1,single-process,,3,False,2.0,3,2.860737,2.313471,0.451131,1.94,103.684,217.918,600000,600000,10000,600000,600000,3.8.10,,2.0.3,baseline_pandas_sql_directo
pandas,t1,single-process,,4,False,3.0,4,2.828678,2.275527,0.45332,1.93,104.203,218.465,600000,600000,10000,600000,600000,3.8.10,,2.0.3,baseline_pandas_sql_directo
pandas,t1,single-process,,5,False,4.0,5,2.821806,2.283813,0.443488,1.91,104.207,218.141,600000,600000,10000,600000,600000,3.8.10,,2.0.3,baseline_pandas_sql_directo
pandas,t1,single-process,,6,False,5.0,6,2.817568,2.260722,0.460241,1.92,104.691,218.777,600000,600000,10000,600000,600000,3.8.10,,2.0.3,baseline_pandas_sql_directo
pandas,t2,single-process,,1,True,,1,3.340939,2.678397,0.540394,2.2,103.988,175.641,600000,600000,10000,570000,600000,3.8.10,,2.0.3,baseline_pandas_sql_directo
pandas,t2,single-process,,2,False,1.0,2,3.005222,2.371174,0.519603,2.0,104.105,176.086,600000,600000,10000,570000,600000,3.8.10,,2.0.3,baseline_pandas_sql_directo
pandas,t2,single-process,,3,False,2.0,3,3.084107,2.445737,0.526693,2.06,104.938,176.234,600000,600000,10000,570000,600000,3.8.10,,2.0.3,baseline_pandas_sql_directo
pandas,t2,single-process,,4,False,3.0,4,2.925406,2.294999,0.518048,2.01,104.527,176.645,600000,600000,10000,570000,600000,3.8.10,,2.0.3,baseline_pandas_sql_directo
pandas,t2,single-process,,5,False,4.0,5,3.109045,2.418301,0.567294,2.17,104.297,176.543,600000,600000,10000,570000,600000,3.8.10,,2.0.3,baseline_pandas_sql_directo
pandas,t2,single-process,,6,False,5.0,6,3.053761,2.409368,0.526833,2.07,104.324,176.602,600000,600000,10000,570000,600000,3.8.10,,2.0.3,baseline_pandas_sql_directo
pandas,t3,single-process,,1,True,,1,3.322095,2.384018,0.799657,2.34,104.062,176.348,600000,600000,10000,570000,600000,3.8.10,,2.0.3,baseline_pandas_sql_directo
pandas,t3,single-process,,2,False,1.0,2,3.197185,2.263148,0.795832,2.28,104.273,177.18,600000,600000,10000,570000,600000,3.8.10,,2.0.3,baseline_pandas_sql_directo
pandas,t3,single-process,,3,False,2.0,3,3.326643,2.410449,0.779959,2.31,104.188,176.48,600000,600000,10000,570000,600000,3.8.10,,2.0.3,baseline_pandas_sql_directo
pandas,t3,single-process,,4,False,3.0,4,3.246879,2.317898,0.789313,2.32,104.211,176.668,600000,600000,10000,570000,600000,3.8.10,,2.0.3,baseline_pandas_sql_directo
pandas,t3,single-process,,5,False,4.0,5,3.323118,2.398187,0.78273,2.41,104.434,177.266,600000,600000,10000,570000,600000,3.8.10,,2.0.3,baseline_pandas_sql_directo
pandas,t3,single-process,,6,False,5.0,6,3.261479,2.33961,0.78271,2.35,103.93,176.992,600000,600000,10000,570000,600000,3.8.10,,2.0.3,baseline_pandas_sql_directo
pandas,t4,single-process,,1,True,,1,3.559659,2.383524,1.03263,2.66,104.316,178.184,600000,600000,10000,40,600000,3.8.10,,2.0.3,baseline_pandas_sql_directo
pandas,t4,single-process,,2,False,1.0,2,3.647869,2.517935,0.990188,2.59,104.582,178.668,600000,600000,10000,40,600000,3.8.10,,2.0.3,baseline_pandas_sql_directo
pandas,t4,single-process,,3,False,2.0,3,3.463613,2.384521,0.92988,2.43,104.488,178.664,600000,600000,10000,40,600000,3.8.10,,2.0.3,baseline_pandas_sql_directo
pandas,t4,single-process,,4,False,3.0,4,3.263612,2.223571,0.902394,2.59,104.438,178.441,600000,600000,10000,40,600000,3.8.10,,2.0.3,baseline_pandas_sql_directo
pandas,t4,single-process,,5,False,4.0,5,3.363995,2.339528,0.887186,2.38,104.16,179.008,600000,600000,10000,40,600000,3.8.10,,2.0.3,baseline_pandas_sql_directo
pandas,t4,single-process,,6,False,5.0,6,3.28895,2.249883,0.893548,2.39,104.184,178.547,600000,600000,10000,40,600000,3.8.10,,2.0.3,baseline_pandas_sql_directo
pandas,t5,single-process,,1,True,,1,3.550236,2.381673,0.915333,2.49,104.539,187.379,600000,600000,10000,9500,600000,3.8.10,,2.0.3,baseline_pandas_sql_directo
pandas,t5,single-process,,2,False,1.0,2,3.606726,2.411544,0.97141,2.57,103.812,187.27,600000,600000,10000,9500,600000,3.8.10,,2.0.3,baseline_pandas_sql_directo
pandas,t5,single-process,,3,False,2.0,3,3.683679,2.442228,1.02494,2.67,104.691,187.227,600000,600000,10000,9500,600000,3.8.10,,2.0.3,baseline_pandas_sql_directo
pandas,t5,single-process,,4,False,3.0,4,3.477782,2.360378,0.896884,2.46,104.398,186.445,600000,600000,10000,9500,600000,3.8.10,,2.0.3,baseline_pandas_sql_directo
pandas,t5,single-process,,5,False,4.0,5,3.516979,2.388705,0.903692,2.58,104.066,186.672,600000,600000,10000,9500,600000,3.8.10,,2.0.3,baseline_pandas_sql_directo
pandas,t5,single-process,,6,False,5.0,6,3.346437,2.244193,0.879475,2.4,104.48,186.953,600000,600000,10000,9500,600000,3.8.10,,2.0.3,baseline_pandas_sql_directo
pyspark,t1,spark://e4-spark-master:7077,1.0,1,True,,1,19.756725,17.604815,0.657397,0.06,61.789,61.914,600000,600000,10000,600000,600000,3.8.10,3.5.5,,jdbc_particionado_orden_id_4
pyspark,t1,spark://e4-spark-master:7077,1.0,2,False,1.0,2,18.412038,16.399089,0.516673,0.05,62.484,62.609,600000,600000,10000,600000,600000,3.8.10,3.5.5,,jdbc_particionado_orden_id_4
pyspark,t1,spark://e4-spark-master:7077,1.0,3,False,2.0,3,17.925993,15.856884,0.569999,0.05,62.293,62.418,600000,600000,10000,600000,600000,3.8.10,3.5.5,,jdbc_particionado_orden_id_4
pyspark,t1,spark://e4-spark-master:7077,1.0,4,False,3.0,4,17.562483,15.713296,0.489999,0.06,62.527,62.652,600000,600000,10000,600000,600000,3.8.10,3.5.5,,jdbc_particionado_orden_id_4
pyspark,t1,spark://e4-spark-master:7077,2.0,1,True,,1,16.073322,13.948218,0.480509,0.06,62.586,62.586,600000,600000,10000,600000,600000,3.8.10,3.5.5,,jdbc_particionado_orden_id_4
pyspark,t1,spark://e4-spark-master:7077,2.0,2,False,1.0,2,16.5891,14.596929,0.560477,0.06,62.348,62.473,600000,600000,10000,600000,600000,3.8.10,3.5.5,,jdbc_particionado_orden_id_4
pyspark,t1,spark://e4-spark-master:7077,2.0,3,False,2.0,3,16.379924,14.593316,0.461916,0.05,62.406,62.531,600000,600000,10000,600000,600000,3.8.10,3.5.5,,jdbc_particionado_orden_id_4
pyspark,t1,spark://e4-spark-master:7077,2.0,4,False,3.0,4,17.429309,15.547737,0.44692,0.06,61.867,62.117,600000,600000,10000,600000,600000,3.8.10,3.5.5,,jdbc_particionado_orden_id_4
pyspark,t1,spark://e4-spark-master:7077,4.0,1,True,,1,17.085829,14.870396,0.49528,0.07,62.238,62.363,600000,600000,10000,600000,600000,3.8.10,3.5.5,,jdbc_particionado_orden_id_4
pyspark,t1,spark://e4-spark-master:7077,4.0,2,False,1.0,2,17.371977,15.316735,0.494063,0.07,62.305,62.43,600000,600000,10000,600000,600000,3.8.10,3.5.5,,jdbc_particionado_orden_id_4
pyspark,t1,spark://e4-spark-master:7077,4.0,3,False,2.0,3,16.670673,14.697068,0.415354,0.06,62.52,62.77,600000,600000,10000,600000,600000,3.8.10,3.5.5,,jdbc_particionado_orden_id_4
pyspark,t1,spark://e4-spark-master:7077,4.0,4,False,3.0,4,17.482365,15.359542,0.501597,0.06,62.457,62.457,600000,600000,10000,600000,600000,3.8.10,3.5.5,,jdbc_particionado_orden_id_4
